Name, Price
NIKE MERCURIAL VELOCE III CR7 FG mens soccer-shoes,$70.98 - $163.38
NIKE Men's MercurialX Victory VI CR7 DF IC Soccer Shoe,$59.99 - $94.00
Nike Mercurial Victory VI CR7 TF,$69.99 - $174.00
NIKE Air Force 1 07 Cr7 Mens Trainers Aq0666 Sneakers Shoes,$319.99 - $422.45
NIKE CR7 Superfly 6 Club Kid's Firm Ground Soccer Cleats,$59.99 - $119.95
Nike Jr Mercurial Superfly V CR7 852483-376 Seaweed/White Kids Soccer cleats,$119.99
NIKE JR SPEFLY 6 Academy GS CR7 TF Boys Soccer-Shoes AJ3112,$64.95 - $110.56
NIKE Men's Dri-Fit Flash CR7 Soccer Shirt-Deep Royal Blue,$29.97 - $54.99
NIKE CR7 Prestige Ball [TOTAL CRIMSON],$39.00
Nike Kids' Mercurial Vapor XI CR7 FG Soccer Cleats,$49.40 - $99.95
Nike MercurialX Proximo II CR7 Indoor Shoes,$156.80
Nike Mercurial Superfly V CR7 FG Mens Football Boots 852511 Soccer Cleats (UK 7 US 8 EU 41| Cool Grey Metallic hemattite 001),$279.99
NIKE Jr MercurialX Victory VI CR7 TF Kid's Soccer Turf Shoe,$49.99 - $69.99
NIKE Men's Mercurial Victory V CR IC Soccer Shoe,$59.99 - $78.20
NIKE Junior Mercurial Vapor 12 Academy CR7 MG Soccer Cleats (Clear Jade/MTLC Gold),$61.95 - $107.96
Name, Price
NIKE MERCURIAL VELOCE III CR7 FG mens soccer-shoes,$70.98 - $163.38
NIKE Men's MercurialX Victory VI CR7 DF IC Soccer Shoe,$59.99 - $94.00
Nike Mercurial Victory VI CR7 TF,$69.99 - $174.00
NIKE Air Force 1 07 Cr7 Mens Trainers Aq0666 Sneakers Shoes,$319.99 - $422.45
NIKE CR7 Superfly 6 Club Kid's Firm Ground Soccer Cleats,$59.99 - $119.95
Nike Jr Mercurial Superfly V CR7 852483-376 Seaweed/White Kids Soccer cleats,$119.99
NIKE JR SPEFLY 6 Academy GS CR7 TF Boys Soccer-Shoes AJ3112,$64.95 - $110.56
NIKE Men's Dri-Fit Flash CR7 Soccer Shirt-Deep Royal Blue,$29.97 - $54.99
NIKE CR7 Prestige Ball [TOTAL CRIMSON],$39.00
Nike Kids' Mercurial Vapor XI CR7 FG Soccer Cleats,$49.40 - $99.95
Nike MercurialX Proximo II CR7 Indoor Shoes,$156.80
Nike Mercurial Superfly V CR7 FG Mens Football Boots 852511 Soccer Cleats (UK 7 US 8 EU 41| Cool Grey Metallic hemattite 001),$279.99
NIKE Jr MercurialX Victory VI CR7 TF Kid's Soccer Turf Shoe,$49.99 - $69.99
NIKE Men's Mercurial Victory V CR IC Soccer Shoe,$59.99 - $78.20
NIKE Junior Mercurial Vapor 12 Academy CR7 MG Soccer Cleats (Clear Jade/MTLC Gold),$61.95 - $107.96
Name, Price
NIKE MERCURIAL VELOCE III CR7 FG mens soccer-shoes,$70.98 - $163.38
NIKE Men's MercurialX Victory VI CR7 DF IC Soccer Shoe,$59.99 - $94.00
Nike Mercurial Victory VI CR7 TF,$69.99 - $174.00
NIKE Air Force 1 07 Cr7 Mens Trainers Aq0666 Sneakers Shoes,$319.99 - $422.45
NIKE CR7 Superfly 6 Club Kid's Firm Ground Soccer Cleats,$59.99 - $119.95
Nike Jr Mercurial Superfly V CR7 852483-376 Seaweed/White Kids Soccer cleats,$119.99
NIKE JR SPEFLY 6 Academy GS CR7 TF Boys Soccer-Shoes AJ3112,$64.95 - $110.56
NIKE Men's Dri-Fit Flash CR7 Soccer Shirt-Deep Royal Blue,$29.97 - $54.99
NIKE CR7 Prestige Ball [TOTAL CRIMSON],$39.00
Nike Kids' Mercurial Vapor XI CR7 FG Soccer Cleats,$49.40 - $99.95
Nike MercurialX Proximo II CR7 Indoor Shoes,$156.80
Nike Mercurial Superfly V CR7 FG Mens Football Boots 852511 Soccer Cleats (UK 7 US 8 EU 41| Cool Grey Metallic hemattite 001),$279.99
NIKE Jr MercurialX Victory VI CR7 TF Kid's Soccer Turf Shoe,$49.99 - $69.99
NIKE Men's Mercurial Victory V CR IC Soccer Shoe,$59.99 - $78.20
NIKE Junior Mercurial Vapor 12 Academy CR7 MG Soccer Cleats (Clear Jade/MTLC Gold),$61.95 - $107.96
Name, Price
NIKE MERCURIAL VELOCE III CR7 FG mens soccer-shoes,$70.98 - $163.38
NIKE Men's MercurialX Victory VI CR7 DF IC Soccer Shoe,$59.99 - $94.00
Nike Mercurial Victory VI CR7 TF,$69.99 - $174.00
NIKE Air Force 1 07 Cr7 Mens Trainers Aq0666 Sneakers Shoes,$319.99 - $422.45
NIKE CR7 Superfly 6 Club Kid's Firm Ground Soccer Cleats,$59.99 - $119.95
Nike Jr Mercurial Superfly V CR7 852483-376 Seaweed/White Kids Soccer cleats,$119.99
NIKE JR SPEFLY 6 Academy GS CR7 TF Boys Soccer-Shoes AJ3112,$64.95 - $110.56
NIKE Men's Dri-Fit Flash CR7 Soccer Shirt-Deep Royal Blue,$29.97 - $54.99
NIKE CR7 Prestige Ball [TOTAL CRIMSON],$39.00
Nike Kids' Mercurial Vapor XI CR7 FG Soccer Cleats,$49.40 - $99.95
Nike MercurialX Proximo II CR7 Indoor Shoes,$156.80
Nike Mercurial Superfly V CR7 FG Mens Football Boots 852511 Soccer Cleats (UK 7 US 8 EU 41| Cool Grey Metallic hemattite 001),$279.99
NIKE Jr MercurialX Victory VI CR7 TF Kid's Soccer Turf Shoe,$49.99 - $69.99
NIKE Men's Mercurial Victory V CR IC Soccer Shoe,$59.99 - $78.20
NIKE Junior Mercurial Vapor 12 Academy CR7 MG Soccer Cleats (Clear Jade/MTLC Gold),$61.95 - $107.96
Name, Price
NIKE MERCURIAL VELOCE III CR7 FG mens soccer-shoes,$70.98 - $163.38
NIKE Men's MercurialX Victory VI CR7 DF IC Soccer Shoe,$59.99 - $94.00
Nike Mercurial Victory VI CR7 TF,$69.99 - $174.00
NIKE Air Force 1 07 Cr7 Mens Trainers Aq0666 Sneakers Shoes,$319.99 - $422.45
NIKE CR7 Superfly 6 Club Kid's Firm Ground Soccer Cleats,$59.99 - $119.95
Nike Jr Mercurial Superfly V CR7 852483-376 Seaweed/White Kids Soccer cleats,$119.99
NIKE JR SPEFLY 6 Academy GS CR7 TF Boys Soccer-Shoes AJ3112,$64.95 - $110.56
NIKE Men's Dri-Fit Flash CR7 Soccer Shirt-Deep Royal Blue,$29.97 - $54.99
NIKE CR7 Prestige Ball [TOTAL CRIMSON],$39.00
Nike Kids' Mercurial Vapor XI CR7 FG Soccer Cleats,$49.40 - $99.95
Nike MercurialX Proximo II CR7 Indoor Shoes,$156.80
Nike Mercurial Superfly V CR7 FG Mens Football Boots 852511 Soccer Cleats (UK 7 US 8 EU 41| Cool Grey Metallic hemattite 001),$279.99
NIKE Jr MercurialX Victory VI CR7 TF Kid's Soccer Turf Shoe,$49.99 - $69.99
NIKE Men's Mercurial Victory V CR IC Soccer Shoe,$59.99 - $78.20
NIKE Junior Mercurial Vapor 12 Academy CR7 MG Soccer Cleats (Clear Jade/MTLC Gold),$61.95 - $107.96
